{
  "name": "Scene 1",
  "objects": [
    {
      "name": "MainCamera",
      "components": {
        "Transform": {
          "position": {
            "y": 5,
            "z": 15
          }
        },
        "Camera": { }
      }
    },
    {
      "name": "Light1",
      "components": {
        "Transform": {
          "position": {
            "x": 4,
            "y": 5,
            "z": -2
          }
        },
        "Light": { }
      }
    },
    {
      "name": "MyBox",
      "components": {
        "Transform": {
          "position": {
            "y": 10
          },
          "rotation": {
            "x": 0.5,
            "z": 0.3
          }
        },
        "PrimitiveMesh": {
          "shape": "box"
        },
        "BoxCollider": { },
        "Rigidbody": {
          "mass": 5
        }
      }
    },
    {
      "name": "Terrain",
      "components": {
        "Transform": {
          "rotation": {
            "x": -1.5708
          }
        },
        "HeightmapMesh": {
          "width": 10,
          "height": 10,
          "dataWidth": 10,
          "dataHeight": 10,
          "data": [[0.04383986882884772,0.2372557620519471,0.7276444506369044,0.6582138892120073,0.8901081119204906,0.0012392166511414615,0.3155469661450512,0.8573334932237966,0.49081242702184213,0.2846997114210137],[0.37476427204794516,0.9910493029854086,0.12554103455234955,0.09355781253927309,0.5446292650919919,0.5617200282921808,0.485845035823784,0.605931440855596,0.9699970677818501,0.7001282391850516],[0.8891425249561404,0.5482070608022342,0.7799590657609019,0.32084679062701404,0.6623733190279759,0.23601050335545848,0.28877207763383383,0.13011042319515864,0.14132275461117794,0.2017992939162505],[0.7167212669588741,0.7438485913544868,0.61544673586384,0.9735214284760949,0.9848975388963255,0.8862016348877095,0.6623735099794861,0.7984398584424091,0.12465512635608489,0.780715145875168],[0.142775949311011,0.2225941267913112,0.6612767645989781,0.05967421550946095,0.12498499823465403,0.1286940494340454,0.3743696034083166,0.9269769893989386,0.7377798627734318,0.9782468253049068],[0.08382533265210079,0.9308209801626526,0.765026610047497,0.02239886204323782,0.38882802479929635,0.8093985999785445,0.9406072450314551,0.46282106869096307,0.20052959588840502,0.8743510086446218],[0.5138194452338671,0.24721197800472572,0.27864151787921565,0.17979599455032114,0.6710654761217689,0.16596182758360012,0.8131334916510022,0.25883753785253893,0.6038148749879058,0.10557481463346163],[0.8316557612943645,0.8441031426823258,0.86177728593153,0.23975371978826154,0.16756084963311846,0.7183907348752268,0.7819200713003791,0.5305693864410443,0.3044512802019965,0.548081783143493],[0.6134146893805066,0.16186465778040016,0.004825531841841091,0.6564195378174156,0.3651604889596707,0.7480460344179882,0.916968043233185,0.5608909788034497,0.19848675596614318,0.4805435230220918],[0.023152622314931648,0.38163341381009874,0.364301800988317,0.8379007249283481,0.450164798124709,0.6868063287070074,0.8781014259797049,0.8657352995216618,0.00043534890367302737,0.44248159948885446]]
        },
        "HeightmapCollider": {
          "elementSize": 1,
          "data":           [[0.04383986882884772,0.2372557620519471,0.7276444506369044,0.6582138892120073,0.8901081119204906,0.0012392166511414615,0.3155469661450512,0.8573334932237966,0.49081242702184213,0.2846997114210137],[0.37476427204794516,0.9910493029854086,0.12554103455234955,0.09355781253927309,0.5446292650919919,0.5617200282921808,0.485845035823784,0.605931440855596,0.9699970677818501,0.7001282391850516],[0.8891425249561404,0.5482070608022342,0.7799590657609019,0.32084679062701404,0.6623733190279759,0.23601050335545848,0.28877207763383383,0.13011042319515864,0.14132275461117794,0.2017992939162505],[0.7167212669588741,0.7438485913544868,0.61544673586384,0.9735214284760949,0.9848975388963255,0.8862016348877095,0.6623735099794861,0.7984398584424091,0.12465512635608489,0.780715145875168],[0.142775949311011,0.2225941267913112,0.6612767645989781,0.05967421550946095,0.12498499823465403,0.1286940494340454,0.3743696034083166,0.9269769893989386,0.7377798627734318,0.9782468253049068],[0.08382533265210079,0.9308209801626526,0.765026610047497,0.02239886204323782,0.38882802479929635,0.8093985999785445,0.9406072450314551,0.46282106869096307,0.20052959588840502,0.8743510086446218],[0.5138194452338671,0.24721197800472572,0.27864151787921565,0.17979599455032114,0.6710654761217689,0.16596182758360012,0.8131334916510022,0.25883753785253893,0.6038148749879058,0.10557481463346163],[0.8316557612943645,0.8441031426823258,0.86177728593153,0.23975371978826154,0.16756084963311846,0.7183907348752268,0.7819200713003791,0.5305693864410443,0.3044512802019965,0.548081783143493],[0.6134146893805066,0.16186465778040016,0.004825531841841091,0.6564195378174156,0.3651604889596707,0.7480460344179882,0.916968043233185,0.5608909788034497,0.19848675596614318,0.4805435230220918],[0.023152622314931648,0.38163341381009874,0.364301800988317,0.8379007249283481,0.450164798124709,0.6868063287070074,0.8781014259797049,0.8657352995216618,0.00043534890367302737,0.44248159948885446]]
        },
        "Rigidbody": {
          "mass": 0
        }
      }
    }
  ]
}
